{
  "_fv": 24,
  "_type": "armor",
  "definition": {
    "enableHelmet": true,
    "textureHelmet": "amethyst_head",
    "enableBody": true,
    "textureBody": "amethyst_body",
    "enableLeggings": true,
    "textureLeggings": "amethyst_leggings",
    "enableBoots": true,
    "textureBoots": "amethyst_boots",
    "creativeTab": {
      "value": "COMBAT"
    },
    "armorTextureFile": "amethyst",
    "helmetName": "Amethyst Helmet",
    "bodyName": "Amethyst Chestplate",
    "leggingsName": "Amethyst Leggings",
    "bootsName": "Amethyst Boots",
    "helmetSpecialInfo": [
      "good stuff"
    ],
    "bodySpecialInfo": [
      "good stuff"
    ],
    "leggingsSpecialInfo": [
      "good stuff"
    ],
    "bootsSpecialInfo": [
      "good stuff"
    ],
    "helmetModelName": "Default",
    "helmetModelPart": "Helmet",
    "helmetModelTexture": "From armor",
    "bodyModelName": "Default",
    "bodyModelPart": "Body",
    "armsModelPartL": "Arms L",
    "armsModelPartR": "Arms R",
    "bodyModelTexture": "From armor",
    "leggingsModelName": "Default",
    "leggingsModelPartL": "Leggings L",
    "leggingsModelPartR": "Leggings R",
    "leggingsModelTexture": "From armor",
    "bootsModelName": "Default",
    "bootsModelPartL": "Boots L",
    "bootsModelPartR": "Boots R",
    "bootsModelTexture": "From armor",
    "helmetImmuneToFire": true,
    "bodyImmuneToFire": true,
    "leggingsImmuneToFire": true,
    "bootsImmuneToFire": true,
    "maxDamage": 60,
    "damageValueHelmet": 15,
    "damageValueBody": 30,
    "damageValueLeggings": 34,
    "damageValueBoots": 8,
    "enchantability": 45,
    "toughness": 2.5,
    "knockbackResistance": 0.3,
    "equipSound": {
      "value": "item.armor.equip_diamond"
    },
    "repairItems": [
      {
        "value": "Items.AMETHYST_SHARD"
      }
    ]
  }
}