{
  "_fv": 24,
  "_type": "recipe",
  "definition": {
    "recipeType": "Crafting",
    "xpReward": 0.0,
    "cookingTime": 200,
    "recipeRetstackSize": 2,
    "group": "",
    "recipeShapeless": false,
    "recipeSlots": [
      {
        "value": ""
      },
      {
        "value": "Blocks.DIAMOND_BLOCK"
      },
      {
        "value": ""
      },
      {
        "value": "Blocks.IRON_BLOCK"
      },
      {
        "value": "CUSTOM:Endcoal"
      },
      {
        "value": "Blocks.DIAMOND_BLOCK"
      },
      {
        "value": ""
      },
      {
        "value": "Blocks.IRON_BLOCK"
      },
      {
        "value": ""
      }
    ],
    "recipeReturnStack": {
      "value": "Blocks.SAPLING#0"
    },
    "name": "sapling",
    "namespace": "mod"
  }
}