{
  "type": "minecraft:crafting_shapeless",
  "ingredients": [
    {
      "item": "easy_craft:endcoal"
    },
    {
      "item": "easy_craft:endcoal"
    },
    {
      "item": "easy_craft:endcoal"
    },
    {
      "item": "easy_craft:endcoal"
    },
    {
      "item": "easy_craft:endcoal"
    },
    {
      "item": "easy_craft:endcoal"
    },
    {
      "item": "easy_craft:endcoal"
    },
    {
      "item": "easy_craft:endcoal"
    },
    {
      "item": "easy_craft:endcoal"
    }
  ],
  "result": {
    "item": "easy_craft:blcokofendcoal",
    "count": 1
  }
}