{
  "type": "minecraft:crafting_shaped",
  "pattern": [
    " 1 ",
    "345",
    "678"
  ],
  "key": {
    "1": {
      "item": "easy_craft:endcoal"
    },
    "3": {
      "item": "minecraft:end_stone"
    },
    "4": {
      "item": "minecraft:ender_eye"
    },
    "5": {
      "item": "minecraft:end_stone"
    },
    "6": {
      "item": "minecraft:end_stone"
    },
    "7": {
      "item": "minecraft:end_stone"
    },
    "8": {
      "item": "minecraft:end_stone"
    }
  },
  "result": {
    "item": "minecraft:end_portal_frame",
    "count": 1
  }
}